TargX,eyeRx,+-
-17,-15.94103333333334,0.1467182424467607
-16,-15.32586666666667,0.1895824640273111
-15,-14.29941666666667,0.04793760180345552
-14,-13.52338333333333,0.1577203400537379
-13,-12.5349,0.09274573844657244
-12,-11.86001666666667,0.151589820458587
-11,-10.82881666666667,0.1037591714821717
-10,-9.05617,0.1288005936321727
-9,-7.881428333333335,0.1292803940923241
-8,-6.486623333333334,0.105143829617656
-7,-5.252226666666666,0.07994712269160588
