TargY,eyeRy,+-
-14,-14.27383333333334,0.1874086621975269
-13,-13.07285,0.3832609489629752
-12,-12.0949,0.1074387453389143
-11,-11.19853333333334,0.171394010008129
-10,-10.32238333333333,0.1893336886733751
-9,-9.209066666666667,0.1446677316704271
-8,-8.242266666666668,0.08214660788289838
-7,-7.009223333333334,0.1038127650468219
