TargY,eyeRy,+-
-14,-13.79528333333333,0.1774516206369125
-13,-13.09128333333333,0.191757131983837
-12,-12.1335,0.1717475356446204
-11,-11.20101666666667,0.09509505595280272
-10,-9.860004999999999,0.1780642972355772
-9,-9.174911666666667,0.05047229989476071
-8,-7.963431666666668,0.1143005762744291
-7,-6.716541666666667,0.1711733848957445
