TargY,eyeRy,+-
-15,-15.3074,0.099164590454456
-14,-13.78308333333333,0.1968103088424649
-13,-12.99508333333333,0.1706521540053525
-12,-11.88686666666666,0.1105274928091052
-11,-11.12625,0.3217285548408781
-10,-10.18631666666667,0.1060281362029282
-9,-9.316766666666666,0.1771368472866858
-8,-8.630616666666667,0.1684554078285015
-7,-7.113631666666667,0.1513437302852902
