Ecc,Dur,+-
14,135.25,1.892969448600091
13,137,1.095445115010332
12,140.4,0.8944271909999159
11,143.5,1.048808848170152
10,148.2,0.4472135954999579
9,150.8,0.4472135954999579
8,150.6666666666667,0.5163977794943222
7,154,0.8944271909999159
