Ecc,Dur,+-
14,93.66666666666667,0.816496580927726
13,105.5,1.378404875209022
12,111.6666666666667,1.366260102127946
11,120,0.8944271909999159
10,126.6666666666667,0.5163977794943223
9,129.8333333333333,0.752772652709081
8,135.8333333333333,0.752772652709081
7,140.3333333333333,0.816496580927726
