TargX,eyeRx,+-
-14,-13.47825,0.09737652181095802
-13,-12.64756666666667,0.1181240816542785
-12,-12.00963333333333,0.1706518170623054
-11,-11.01915,0.2444796658211069
-10,-9.465265,0.1232299054207217
-9,-8.647993333333332,0.1281445018198854
-8,-8.326628333333334,0.8368880373243878
-7,-6.817965,0.1269287549375631
